Order_ID,Distance_km,Traffic_Level,Preparation_Time_min,Courier_Experience_yrs,Weather_Clear,Weather_Foggy,Weather_Rainy,Weather_Snowy,Weather_Windy,Time_of_Day_Afternoon,Time_of_Day_Evening,Time_of_Day_Morning,Time_of_Day_Night,Vehicle_Type_Bike,Vehicle_Type_Car,Vehicle_Type_Scooter,Delivery_Time_min
522,7.93,0,12,1.0,0,0,0,0,1,1,0,0,0,0,0,1,43
738,16.42,1,20,2.0,1,0,0,0,0,0,1,0,0,1,0,0,84
741,9.52,0,28,1.0,0,1,0,0,0,0,0,0,1,0,0,1,59
661,7.44,1,5,1.0,0,0,1,0,0,1,0,0,0,0,0,1,37
412,19.03,0,16,5.0,1,0,0,0,0,0,0,1,0,1,0,0,68
679,19.4,0,8,9.0,1,0,0,0,0,0,1,0,0,0,0,1,57
514,17.39,1,5,6.0,1,0,0,0,0,0,1,0,0,0,0,1,46
860,1.78,0,20,6.0,0,0,0,1,0,0,1,0,0,0,1,0,35
137,10.62,0,29,1.0,0,1,0,0,0,0,1,0,0,0,0,1,73
812,16.86,1,13,4.0,0,0,0,1,0,1,0,0,0,0,1,0,88
77,15.54,0,29,1.0,1,0,0,0,0,0,0,0,1,1,0,0,76
637,10.89,2,12,5.0,1,0,0,0,0,0,0,0,1,1,0,0,53
974,4.69,1,12,7.0,0,0,1,0,0,0,1,0,0,0,0,1,36
900,2.17,0,15,3.0,0,0,0,1,0,0,1,0,0,0,1,0,35
281,17.86,0,5,1.0,0,0,1,0,0,1,0,0,0,1,0,0,50
884,2.53,0,6,8.0,0,0,0,1,0,0,0,1,0,1,0,0,24
762,6.58,0,6,7.0,0,1,0,0,0,0,1,0,0,0,1,0,27
320,5.38,1,26,1.0,1,0,0,0,0,0,1,0,0,0,0,1,47
550,15.56,0,28,0.0,0,0,1,0,0,1,0,0,0,0,0,1,72
175,13.08,0,16,4.0,0,0,1,0,0,0,0,1,0,0,1,0,58
372,0.86,2,26,5.0,1,0,0,0,0,1,0,0,0,1,0,0,37
528,5.83,2,27,9.0,1,0,0,0,0,0,1,0,0,0,1,0,56
236,14.59,1,15,6.0,1,0,0,0,0,0,0,1,0,1,0,0,64
102,12.91,1,11,6.0,0,0,0,0,1,0,1,0,0,1,0,0,56
987,13.92,0,18,4.0,0,0,0,1,0,0,0,1,0,0,0,1,70
903,4.04,0,11,9.0,0,0,0,1,0,0,0,0,1,1,0,0,70
948,18.05,1,10,7.0,1,0,0,0,0,0,1,0,0,0,0,1,123
347,12.88,1,8,5.0,1,0,0,0,0,0,0,1,0,0,0,1,52
140,19.45,2,20,6.0,0,0,1,0,0,0,0,1,0,0,0,1,108
622,4.58,2,22,9.0,1,0,0,0,0,0,0,1,0,0,0,1,45
500,19.73,1,27,4.0,0,1,0,0,0,0,1,0,0,1,0,0,111
371,2.47,1,27,2.0,0,0,0,0,1,0,0,1,0,1,0,0,44
199,17.8,1,16,9.0,0,0,0,1,0,0,0,1,0,1,0,0,73
688,5.96,1,22,7.0,1,0,0,0,0,1,0,0,0,1,0,0,45
585,12.85,1,18,7.0,0,0,0,0,1,1,0,0,0,0,0,1,61
902,1.02,1,25,4.0,1,0,0,0,0,1,0,0,0,1,0,0,34
60,6.84,1,14,8.0,0,0,1,0,0,0,0,0,1,0,1,0,47
329,8.68,1,8,5.0,0,0,1,0,0,0,0,1,0,1,0,0,52
97,10.69,1,25,9.0,1,0,0,0,0,0,0,0,1,1,0,0,67
975,1.11,0,5,6.0,1,0,0,0,0,0,0,1,0,1,0,0,8
300,2.16,0,15,0.0,0,0,0,1,0,0,1,0,0,0,0,1,36
278,13.17,1,16,4.0,0,0,0,0,1,1,0,0,0,1,0,0,67
925,8.79,0,14,6.0,0,0,0,1,0,0,0,0,1,1,0,0,43
602,5.93,0,19,3.0,1,0,0,0,0,1,0,0,0,0,0,1,36
440,2.09,0,23,2.0,0,0,1,0,0,0,0,0,1,1,0,0,36
838,7.57,0,21,0.0,1,0,0,0,0,0,0,1,0,1,0,0,56
571,10.52,1,8,4.0,0,0,1,0,0,1,0,0,0,0,0,1,56
880,4.83,0,25,9.0,0,0,1,0,0,0,0,1,0,0,1,0,47
262,19.81,1,20,5.0,0,0,0,1,0,1,0,0,0,0,1,0,104
579,10.1,0,8,4.0,0,0,1,0,0,0,1,0,0,0,1,0,50
24,7.64,0,10,8.0,0,0,0,0,1,1,0,0,0,0,1,0,31
31,12.35,0,10,6.0,1,0,0,0,0,0,0,1,0,0,0,1,35
618,5.9,0,26,9.0,0,0,1,0,0,0,1,0,0,0,1,0,44
11,0.9,0,20,8.0,1,0,0,0,0,1,0,0,0,1,0,0,23
222,11.58,1,16,2.0,1,0,0,0,0,0,0,1,0,0,0,1,61
821,16.16,2,11,1.0,1,0,0,0,0,1,0,0,0,1,0,0,82
297,15.51,0,17,9.0,1,0,0,0,0,0,1,0,0,1,0,0,69
55,12.16,2,11,0.0,0,0,0,0,1,0,1,0,0,0,0,1,69
543,4.96,2,21,0.0,0,0,1,0,0,0,0,1,0,1,0,0,60
210,3.64,2,17,6.0,0,0,0,0,1,0,1,0,0,1,0,0,40
605,2.85,0,26,0.0,1,0,0,0,0,0,0,1,0,0,0,1,38
693,10.4,0,16,4.0,1,0,0,0,0,0,1,0,0,1,0,0,52
663,12.31,0,29,4.0,0,0,0,0,1,0,0,1,0,1,0,0,68
867,3.53,1,13,7.0,1,0,0,0,0,1,0,0,0,1,0,0,31
71,15.56,1,14,3.0,1,0,0,0,0,0,1,0,0,1,0,0,54
544,13.6,1,27,0.0,1,0,0,0,0,1,0,0,0,1,0,0,87
108,15.23,2,5,0.0,0,0,0,1,0,0,0,1,0,1,0,0,62
591,3.21,2,16,0.0,0,0,1,0,0,0,0,0,1,0,0,1,42
742,6.38,0,16,1.0,0,0,0,1,0,0,1,0,0,1,0,0,111
293,16.54,0,6,7.0,0,0,1,0,0,1,0,0,0,0,0,1,51
290,12.02,0,9,7.0,1,0,0,0,0,0,0,1,0,0,1,0,41
653,11.94,0,20,3.0,1,0,0,0,0,0,1,0,0,1,0,0,69
40,9.08,0,14,5.0,1,0,0,0,0,1,0,0,0,0,0,1,49
590,3.46,1,23,3.0,0,0,0,1,0,0,0,1,0,0,0,1,48
308,6.8,1,13,7.0,0,1,0,0,0,0,0,1,0,0,0,1,46
680,17.38,1,11,2.0,0,0,1,0,0,1,0,0,0,0,0,1,92
67,3.25,0,23,7.0,1,0,0,0,0,0,0,1,0,1,0,0,32
276,10.28,1,29,3.0,1,0,0,0,0,0,1,0,0,0,0,1,71
68,16.14,0,6,9.0,1,0,0,0,0,0,0,0,1,0,1,0,65
319,3.55,1,23,0.0,1,0,0,0,0,0,1,0,0,1,0,0,43
999,19.03,0,26,5.0,1,0,0,0,0,1,0,0,0,0,1,0,68
715,7.3,0,14,7.0,1,0,0,0,0,0,0,0,1,0,0,1,28
754,7.03,0,21,1.0,1,0,0,0,0,0,1,0,0,0,0,1,44
328,12.43,0,12,0.0,0,0,0,1,0,1,0,0,0,0,1,0,70
452,11.39,2,14,1.0,0,0,1,0,0,0,1,0,0,0,0,1,72
523,19.41,0,7,3.0,1,0,0,0,0,0,0,1,0,0,1,0,48
219,13.17,2,17,8.0,0,0,1,0,0,0,1,0,0,0,0,1,69
788,8.32,0,12,2.0,0,0,1,0,0,1,0,0,0,0,1,0,49
765,1.15,0,26,4.0,1,0,0,0,0,1,0,0,0,0,0,1,30
89,17.8,2,12,9.0,0,0,0,0,1,1,0,0,0,0,1,0,73
64,7.46,1,8,5.0,1,0,0,0,0,0,1,0,0,1,0,0,42
827,7.25,1,18,4.0,1,0,0,0,0,1,0,0,0,0,0,1,45
717,16.7,1,28,1.0,1,0,0,0,0,1,0,0,0,0,0,1,76
352,17.2,2,14,2.0,0,0,1,0,0,1,0,0,0,0,0,1,94
937,0.86,1,21,7.0,1,0,0,0,0,1,0,0,0,0,1,0,28
257,18.76,1,15,2.0,1,0,0,0,0,0,1,0,0,0,1,0,80
636,9.22,1,18,9.0,1,0,0,0,0,1,0,0,0,0,1,0,57
645,2.84,0,24,2.0,1,0,0,0,0,0,1,0,0,0,0,1,35
555,17.59,0,24,6.0,1,0,0,0,0,0,0,1,0,1,0,0,69
960,14.89,2,17,6.0,0,0,0,1,0,0,0,1,0,0,0,1,87
169,1.3,1,22,4.0,1,0,0,0,0,0,1,0,0,1,0,0,31
918,18.99,2,10,6.0,0,0,1,0,0,1,0,0,0,1,0,0,70
824,8.26,0,15,1.0,0,0,0,1,0,1,0,0,0,1,0,0,57
986,10.16,2,12,5.0,1,0,0,0,0,0,0,0,1,1,0,0,52
87,14.73,0,24,6.0,0,0,1,0,0,1,0,0,0,1,0,0,74
433,12.56,2,17,5.0,1,0,0,0,0,0,1,0,0,1,0,0,69
185,5.53,1,19,1.0,1,0,0,0,0,1,0,0,0,1,0,0,44
979,10.18,1,25,3.0,0,1,0,0,0,0,0,1,0,1,0,0,73
535,15.5,1,28,9.0,1,0,0,0,0,0,0,1,0,0,0,1,91
893,16.69,1,8,2.0,0,1,0,0,0,0,1,0,0,0,0,1,65
426,11.22,2,25,5.0,0,0,0,0,1,0,1,0,0,1,0,0,79
714,8.53,0,8,2.0,1,0,0,0,0,0,1,0,0,0,0,1,41
261,12.49,1,25,4.0,1,0,0,0,0,0,0,1,0,1,0,0,77
238,0.97,0,24,8.0,1,0,0,0,0,0,0,0,1,0,0,1,26
560,12.6,1,8,6.0,0,0,0,0,1,1,0,0,0,0,1,0,58
584,6.91,1,28,9.0,1,0,0,0,0,0,1,0,0,0,0,1,56
446,18.97,0,25,4.0,1,0,0,0,0,0,1,0,0,0,1,0,141
801,14.29,1,14,7.0,0,0,0,0,1,0,0,1,0,1,0,0,78
600,1.3,0,19,5.0,0,1,0,0,0,0,1,0,0,1,0,0,29
850,12.11,0,9,5.0,0,0,1,0,0,0,0,1,0,1,0,0,59
266,14.94,1,11,0.0,1,0,0,0,0,0,0,1,0,1,0,0,62
996,2.29,2,8,8.0,0,0,1,0,0,1,0,0,0,0,1,0,80
530,17.36,2,24,1.0,0,0,1,0,0,1,0,0,0,1,0,0,105
56,18.48,1,8,0.0,1,0,0,0,0,0,0,0,1,1,0,0,82
121,16.25,2,10,5.0,0,1,0,0,0,0,0,1,0,1,0,0,91
216,5.13,0,15,4.0,1,0,0,0,0,0,0,1,0,0,1,0,30
73,0.61,0,10,0.0,1,0,0,0,0,1,0,0,0,0,0,1,16
45,5.55,2,18,1.0,0,1,0,0,0,0,1,0,0,1,0,0,116
722,4.03,1,9,5.0,1,0,0,0,0,0,1,0,0,1,0,0,25
282,7.09,0,13,8.0,0,0,0,1,0,0,0,1,0,0,0,1,37
894,8.25,1,7,9.0,1,0,0,0,0,1,0,0,0,1,0,0,28
915,11.26,0,5,6.0,1,0,0,0,0,0,0,0,1,1,0,0,49
811,19.7,0,10,2.0,0,0,1,0,0,0,1,0,0,1,0,0,60
245,0.8,2,14,9.0,0,0,0,1,0,0,1,0,0,1,0,0,36
823,7.0,1,17,9.0,0,0,1,0,0,0,1,0,0,1,0,0,49
322,14.43,1,14,4.0,1,0,0,0,0,0,0,1,0,0,1,0,113
644,6.89,1,11,6.0,0,0,1,0,0,1,0,0,0,1,0,0,43
159,5.13,1,25,1.0,0,1,0,0,0,0,1,0,0,0,1,0,60
978,1.5,0,10,1.0,1,0,0,0,0,1,0,0,0,1,0,0,17
942,11.31,1,7,0.0,1,0,0,0,0,0,1,0,0,1,0,0,54
463,15.05,1,12,2.0,1,0,0,0,0,0,1,0,0,0,1,0,66
310,5.78,0,9,9.0,0,1,0,0,0,1,0,0,0,0,0,1,33
698,11.83,0,9,7.0,1,0,0,0,0,0,1,0,0,0,0,1,32
61,8.08,0,25,2.0,0,1,0,0,0,0,0,1,0,1,0,0,61
885,16.1,0,25,0.0,1,0,0,0,0,0,1,0,0,1,0,0,64
596,9.74,1,7,8.0,0,0,1,0,0,0,1,0,0,0,0,1,37
768,17.6,0,27,3.0,1,0,0,0,0,1,0,0,0,1,0,0,69
650,10.22,1,18,1.0,0,0,0,1,0,0,0,0,1,1,0,0,68
651,2.19,0,26,3.0,1,0,0,0,0,0,1,0,0,1,0,0,32
866,11.41,1,17,4.0,0,0,0,0,1,1,0,0,0,0,0,1,68
669,4.14,1,14,2.0,1,0,0,0,0,0,0,1,0,0,0,1,30
299,12.65,0,18,8.0,0,0,1,0,0,1,0,0,0,1,0,0,60
311,9.06,1,23,4.0,1,0,0,0,0,0,1,0,0,1,0,0,47
362,13.04,1,20,6.0,1,0,0,0,0,0,0,1,0,0,0,1,65
480,10.7,1,8,5.0,1,0,0,0,0,1,0,0,0,0,0,1,44
111,6.15,0,26,5.0,0,1,0,0,0,0,1,0,0,0,0,1,48
990,16.47,2,20,9.0,0,0,0,1,0,0,1,0,0,0,0,1,75
487,1.39,1,15,4.0,1,0,0,0,0,1,0,0,0,1,0,0,24
364,11.14,1,7,3.0,0,0,1,0,0,0,0,1,0,0,0,1,47
255,3.81,2,5,6.0,0,0,1,0,0,1,0,0,0,1,0,0,31
260,2.39,1,27,7.0,0,0,1,0,0,0,1,0,0,1,0,0,43
803,11.74,2,6,3.0,1,0,0,0,0,0,1,0,0,0,1,0,54
495,9.54,1,11,5.0,0,0,1,0,0,0,1,0,0,0,0,1,47
671,3.88,1,16,2.0,1,0,0,0,0,0,0,1,0,1,0,0,35
378,0.95,1,27,0.0,0,0,1,0,0,0,0,1,0,0,1,0,44
527,8.59,0,17,8.0,1,0,0,0,0,0,0,0,1,0,0,1,36
846,8.59,0,22,2.0,1,0,0,0,0,0,1,0,0,1,0,0,43
356,13.03,0,9,1.0,0,1,0,0,0,0,0,1,0,0,0,1,50
366,8.03,0,14,8.0,1,0,0,0,0,0,1,0,0,0,0,1,42
943,13.2,0,14,3.0,0,0,0,1,0,0,0,1,0,0,1,0,62
750,12.67,1,10,3.0,1,0,0,0,0,0,1,0,0,0,1,0,65
830,9.32,0,6,5.0,1,0,0,0,0,0,0,1,0,0,0,1,30
657,6.03,2,8,6.0,0,0,1,0,0,1,0,0,0,0,1,0,46
200,15.71,0,28,5.0,1,0,0,0,0,1,0,0,0,0,0,1,69
214,4.87,2,16,7.0,0,0,0,1,0,0,1,0,0,1,0,0,54
409,18.15,2,22,7.0,0,0,1,0,0,0,0,1,0,1,0,0,108
333,0.78,1,6,1.0,1,0,0,0,0,0,0,1,0,1,0,0,17
209,0.6,0,26,3.0,1,0,0,0,0,1,0,0,0,1,0,0,30
614,2.09,1,5,5.0,1,0,0,0,0,0,1,0,0,1,0,0,16
30,1.41,1,15,0.0,0,1,0,0,0,0,1,0,0,1,0,0,72
536,18.92,2,27,4.0,1,0,0,0,0,0,0,1,0,0,0,1,100
696,12.41,1,10,1.0,1,0,0,0,0,0,0,1,0,0,1,0,51
837,18.34,2,9,4.0,1,0,0,0,0,0,0,0,1,1,0,0,92
597,13.52,0,27,1.0,1,0,0,0,0,0,0,1,0,0,0,1,82
166,16.79,2,24,6.0,0,1,0,0,0,1,0,0,0,1,0,0,85
919,15.39,1,24,5.0,1,0,0,0,0,0,1,0,0,0,0,1,89
496,7.39,1,25,6.0,0,0,1,0,0,0,0,1,0,0,0,1,60
825,10.98,0,10,6.0,0,0,1,0,0,0,0,1,0,0,0,1,55
66,11.08,1,9,0.0,0,0,0,1,0,0,0,1,0,1,0,0,57
142,5.41,1,14,5.0,1,0,0,0,0,0,0,0,1,1,0,0,36
926,0.94,2,9,6.0,1,0,0,0,0,0,0,1,0,1,0,0,21
828,7.27,0,10,5.0,0,0,0,0,1,1,0,0,0,1,0,0,35
656,2.99,1,27,5.0,0,0,0,0,1,0,0,1,0,1,0,0,41
332,15.28,0,16,5.0,0,0,0,1,0,0,1,0,0,1,0,0,72
665,2.48,1,14,6.0,0,0,0,0,1,1,0,0,0,0,1,0,27
250,17.13,0,19,1.0,0,0,1,0,0,0,1,0,0,0,1,0,71
908,7.17,0,15,7.0,1,0,0,0,0,1,0,0,0,1,0,0,32
709,5.47,0,21,6.0,0,0,1,0,0,0,0,1,0,0,1,0,38
306,19.53,0,11,6.0,0,1,0,0,0,1,0,0,0,1,0,0,87
735,7.5,2,29,1.0,1,0,0,0,0,0,0,1,0,1,0,0,66
976,5.61,0,25,9.0,0,0,0,0,1,0,0,0,1,1,0,0,48
50,4.1,0,21,3.0,1,0,0,0,0,0,0,1,0,1,0,0,37
897,6.22,1,15,0.0,0,0,1,0,0,0,0,1,0,1,0,0,49
545,12.55,0,13,8.0,0,0,0,0,1,0,1,0,0,1,0,0,51
351,10.31,1,19,5.0,0,1,0,0,0,0,0,1,0,0,0,1,62
905,8.72,1,18,7.0,0,0,0,1,0,0,1,0,0,0,1,0,64
537,17.07,1,20,6.0,1,0,0,0,0,0,0,1,0,1,0,0,73
482,14.07,2,5,8.0,1,0,0,0,0,1,0,0,0,1,0,0,67
576,19.02,1,29,9.0,1,0,0,0,0,1,0,0,0,1,0,0,87
34,19.0,2,28,3.0,1,0,0,0,0,0,0,1,0,0,1,0,96
32,3.83,1,12,9.0,0,0,1,0,0,1,0,0,0,1,0,0,30
232,10.3,0,19,8.0,1,0,0,0,0,0,1,0,0,0,0,1,48
964,8.09,2,15,4.0,1,0,0,0,0,1,0,0,0,0,0,1,51
193,18.06,1,9,8.0,1,0,0,0,0,0,0,0,1,1,0,0,52
334,2.76,1,8,5.0,0,0,0,0,1,0,0,1,0,0,0,1,22
4,12.17,0,20,8.0,0,0,0,1,0,0,1,0,0,1,0,0,68
205,12.33,1,22,9.0,1,0,0,0,0,0,1,0,0,1,0,0,75
515,1.38,1,5,8.0,1,0,0,0,0,0,1,0,0,0,0,1,13
800,18.49,0,14,6.0,1,0,0,0,0,1,0,0,0,0,0,1,71
307,10.57,0,28,9.0,0,0,0,1,0,1,0,0,0,1,0,0,59
110,2.0,2,10,2.0,1,0,0,0,0,0,1,0,0,0,0,1,30
431,3.29,1,17,4.0,1,0,0,0,0,1,0,0,0,0,0,1,32
78,1.94,1,16,0.0,0,0,1,0,0,0,0,1,0,1,0,0,35
287,9.58,2,26,8.0,1,0,0,0,0,1,0,0,0,0,1,0,60
83,6.95,1,25,2.0,1,0,0,0,0,0,0,1,0,0,0,1,58
992,14.05,2,19,0.0,1,0,0,0,0,0,0,1,0,0,0,1,72
790,18.97,2,20,8.0,0,0,1,0,0,0,0,0,1,1,0,0,108
895,13.53,0,28,8.0,0,0,1,0,0,0,1,0,0,1,0,0,78
399,15.14,1,8,6.0,0,0,1,0,0,0,0,1,0,1,0,0,66
324,5.96,0,26,6.0,1,0,0,0,0,1,0,0,0,1,0,0,48
520,3.43,1,7,6.0,0,0,0,0,1,0,0,1,0,1,0,0,23
923,17.94,2,22,6.0,0,0,1,0,0,0,1,0,0,0,0,1,85
6,3.54,1,10,5.0,0,0,1,0,0,0,1,0,0,1,0,0,32
466,7.81,0,11,4.0,1,0,0,0,0,0,1,0,0,1,0,0,42
267,14.09,1,12,3.0,1,0,0,0,0,1,0,0,0,0,0,1,55
358,11.92,0,14,4.0,1,0,0,0,0,1,0,0,0,0,0,1,46
869,17.3,0,9,0.0,1,0,0,0,0,0,1,0,0,0,0,1,67
799,14.08,2,28,6.0,1,0,0,0,0,0,0,1,0,1,0,0,66
381,2.8,2,28,1.0,1,0,0,0,0,1,0,0,0,1,0,0,50
382,14.09,2,12,6.0,1,0,0,0,0,1,0,0,0,1,0,0,67
491,9.39,0,14,2.0,1,0,0,0,0,0,0,1,0,1,0,0,37
901,4.55,0,5,6.0,0,0,1,0,0,1,0,0,0,1,0,0,21
251,6.24,0,20,4.0,0,0,0,1,0,1,0,0,0,1,0,0,51
524,16.92,0,29,0.0,1,0,0,0,0,0,0,1,0,0,0,1,70
10,14.31,1,9,8.0,1,0,0,0,0,0,0,1,0,1,0,0,47
604,2.23,0,7,6.0,1,0,0,0,0,0,0,1,0,1,0,0,14
82,12.65,0,15,4.0,1,0,0,0,0,0,1,0,0,1,0,0,66
784,7.24,1,28,6.0,0,0,1,0,0,0,1,0,0,1,0,0,65
588,3.01,1,14,4.0,1,0,0,0,0,0,1,0,0,1,0,0,26
240,3.95,0,13,5.0,1,0,0,0,0,1,0,0,0,1,0,0,25
291,1.09,1,6,2.0,1,0,0,0,0,0,0,1,0,0,0,1,17
212,13.99,2,7,3.0,1,0,0,0,0,0,1,0,0,0,0,1,96
718,19.32,2,21,7.0,0,0,1,0,0,0,0,1,0,0,1,0,112
360,11.72,0,11,9.0,0,0,1,0,0,0,1,0,0,1,0,0,42
450,2.13,0,9,2.0,0,0,1,0,0,0,0,1,0,0,0,1,22
228,8.17,1,20,9.0,1,0,0,0,0,1,0,0,0,0,0,1,44
951,12.21,2,9,4.0,1,0,0,0,0,0,0,1,0,1,0,0,57
947,3.17,1,17,6.0,1,0,0,0,0,0,1,0,0,0,0,1,33
797,18.68,0,11,8.0,0,0,0,1,0,1,0,0,0,1,0,0,62
502,10.95,1,24,4.0,1,0,0,0,0,0,1,0,0,0,0,1,55
465,19.26,1,21,6.0,0,0,0,0,1,0,0,1,0,0,0,1,67
469,4.86,1,25,4.0,0,1,0,0,0,0,1,0,0,0,1,0,52
936,5.81,0,25,8.0,0,1,0,0,0,1,0,0,0,1,0,0,51
429,7.34,0,22,8.0,0,0,1,0,0,0,1,0,0,1,0,0,47
8,17.39,1,25,4.0,0,1,0,0,0,0,0,1,0,1,0,0,100
156,5.22,0,11,9.0,0,0,0,1,0,0,1,0,0,1,0,0,40
542,12.32,1,17,4.0,1,0,0,0,0,0,1,0,0,0,0,1,71
441,2.15,1,17,6.0,0,0,0,0,1,1,0,0,0,0,1,0,30
483,9.36,2,17,2.0,0,0,1,0,0,0,0,1,0,0,0,1,65
423,2.28,1,27,9.0,1,0,0,0,0,0,1,0,0,0,0,1,39
779,14.54,1,29,2.0,1,0,0,0,0,0,1,0,0,1,0,0,73
950,12.15,2,12,6.0,1,0,0,0,0,0,0,1,0,0,1,0,63
335,1.4,0,9,9.0,0,0,0,0,1,0,1,0,0,1,0,0,17
935,3.85,1,26,3.0,0,0,1,0,0,1,0,0,0,1,0,0,46
595,17.99,0,15,3.0,0,0,0,1,0,1,0,0,0,1,0,0,63
531,16.35,1,16,0.0,1,0,0,0,0,0,0,1,0,1,0,0,66
582,19.61,2,8,6.0,1,0,0,0,0,0,1,0,0,1,0,0,72
708,16.29,0,20,1.0,1,0,0,0,0,0,0,1,0,1,0,0,72
449,7.84,0,6,4.0,0,0,0,0,1,1,0,0,0,1,0,0,28
454,18.17,0,13,0.0,0,0,1,0,0,1,0,0,0,0,1,0,71
353,13.34,1,20,6.0,1,0,0,0,0,0,0,0,1,1,0,0,53
729,4.43,0,10,1.0,0,1,0,0,0,0,0,1,0,0,0,1,63
80,2.76,1,6,2.0,0,0,0,0,1,0,0,0,1,1,0,0,27
149,1.5,1,15,4.0,0,1,0,0,0,0,1,0,0,0,0,1,32
303,11.04,1,8,2.0,1,0,0,0,0,1,0,0,0,0,0,1,54
507,18.26,2,28,7.0,0,0,1,0,0,0,0,0,1,0,0,1,93
343,3.88,0,27,9.0,0,1,0,0,0,0,1,0,0,0,1,0,42
486,18.07,2,5,2.0,1,0,0,0,0,1,0,0,0,0,0,1,67
712,12.11,1,28,0.0,1,0,0,0,0,0,1,0,0,1,0,0,75
134,7.08,1,5,8.0,1,0,0,0,0,1,0,0,0,0,0,1,27
704,3.12,0,14,5.0,0,0,1,0,0,0,1,0,0,0,0,1,28
312,2.03,2,14,4.0,0,1,0,0,0,0,1,0,0,0,1,0,36
630,5.42,0,11,9.0,1,0,0,0,0,0,1,0,0,0,0,1,26
1,7.8,0,23,5.0,1,0,0,0,0,0,1,0,0,0,0,1,52
317,8.47,0,19,0.0,0,0,1,0,0,1,0,0,0,0,0,1,48
707,6.79,0,16,1.0,0,0,1,0,0,0,1,0,0,0,0,1,39
548,13.6,1,23,6.0,0,0,1,0,0,1,0,0,0,0,0,1,83
873,13.06,2,17,8.0,0,0,1,0,0,0,0,1,0,1,0,0,59
533,19.93,0,6,6.0,0,0,0,1,0,1,0,0,0,1,0,0,59
478,11.3,1,15,8.0,0,0,0,1,0,1,0,0,0,1,0,0,70
405,6.74,1,21,9.0,0,0,1,0,0,0,1,0,0,0,1,0,47
173,10.49,0,28,9.0,0,0,1,0,0,0,0,1,0,1,0,0,66
395,7.15,2,29,7.0,1,0,0,0,0,0,0,0,1,0,1,0,60
421,15.94,0,24,2.0,1,0,0,0,0,0,1,0,0,1,0,0,77
553,11.26,2,14,2.0,0,1,0,0,0,1,0,0,0,1,0,0,70
904,11.87,1,10,6.0,1,0,0,0,0,0,0,1,0,1,0,0,43
91,2.83,1,14,6.0,0,0,0,0,1,1,0,0,0,0,0,1,28
940,11.74,0,20,1.0,1,0,0,0,0,1,0,0,0,0,1,0,52
182,2.71,0,6,1.0,1,0,0,0,0,0,0,1,0,0,0,1,20
275,10.47,2,14,7.0,1,0,0,0,0,0,1,0,0,0,0,1,55
896,4.5,2,24,0.0,0,0,0,1,0,0,1,0,0,1,0,0,66
292,1.23,0,18,6.0,1,0,0,0,0,0,1,0,0,1,0,0,21
132,4.83,0,11,1.0,1,0,0,0,0,0,1,0,0,1,0,0,29
301,1.51,2,14,2.0,1,0,0,0,0,1,0,0,0,1,0,0,32
425,1.62,0,9,8.0,0,0,0,0,1,0,1,0,0,1,0,0,16
327,11.31,2,20,0.0,1,0,0,0,0,0,1,0,0,1,0,0,67
145,6.05,1,24,0.0,1,0,0,0,0,0,0,1,0,0,1,0,48
424,10.14,1,20,1.0,1,0,0,0,0,0,0,1,0,0,0,1,59
581,9.45,0,13,0.0,1,0,0,0,0,1,0,0,0,0,1,0,49
136,6.8,2,28,5.0,1,0,0,0,0,0,1,0,0,1,0,0,55
451,15.65,0,27,0.0,1,0,0,0,0,1,0,0,0,1,0,0,76
165,2.26,1,6,3.0,1,0,0,0,0,0,0,1,0,0,0,1,19
29,12.05,0,29,4.0,1,0,0,0,0,0,1,0,0,0,0,1,61
774,8.25,1,24,4.0,0,0,0,0,1,0,1,0,0,0,1,0,62
194,12.85,1,23,0.0,0,0,1,0,0,1,0,0,0,0,0,1,80
389,15.14,1,15,4.0,0,0,0,0,1,0,0,1,0,1,0,0,71
853,4.59,0,19,8.0,0,1,0,0,0,0,1,0,0,0,0,1,36
170,12.02,0,26,0.0,1,0,0,0,0,1,0,0,0,1,0,0,63
706,19.8,2,7,3.0,1,0,0,0,0,0,1,0,0,1,0,0,88
141,19.27,2,14,6.0,0,1,0,0,0,1,0,0,0,1,0,0,92
174,4.92,2,12,0.0,1,0,0,0,0,0,0,1,0,0,0,1,41
7,1.63,1,24,5.0,0,0,1,0,0,0,0,0,1,1,0,0,38
746,18.04,1,8,5.0,1,0,0,0,0,0,0,1,0,1,0,0,71
74,16.4,2,12,2.0,1,0,0,0,0,0,0,1,0,0,0,1,70
911,12.01,0,5,7.0,1,0,0,0,0,0,0,1,0,0,1,0,42
146,1.22,2,14,2.0,0,1,0,0,0,1,0,0,0,0,0,1,38
793,10.36,1,7,8.0,0,0,1,0,0,1,0,0,0,1,0,0,39
235,4.31,1,9,2.0,0,0,1,0,0,1,0,0,0,1,0,0,35
221,13.32,1,26,0.0,0,0,0,0,1,1,0,0,0,1,0,0,71
924,16.1,0,16,6.0,1,0,0,0,0,0,0,1,0,0,1,0,61
501,14.11,2,24,3.0,0,0,1,0,0,0,0,1,0,0,0,1,93
133,2.84,1,28,1.0,1,0,0,0,0,0,0,0,1,0,0,1,44
991,16.09,0,13,6.0,0,0,0,1,0,0,0,1,0,0,1,0,69
775,16.05,1,11,2.0,0,0,0,1,0,0,1,0,0,1,0,0,89
186,13.37,2,17,8.0,0,0,0,0,1,1,0,0,0,0,0,1,63
42,10.16,1,10,1.0,0,0,0,1,0,0,0,0,1,1,0,0,67
697,6.13,1,22,0.0,1,0,0,0,0,0,0,0,1,0,0,1,48
109,4.96,0,10,7.0,0,0,1,0,0,1,0,0,0,0,1,0,28
589,3.0,0,29,1.0,1,0,0,0,0,0,0,1,0,0,0,1,43
57,2.23,1,14,0.0,0,0,0,1,0,0,1,0,0,0,1,0,41
443,7.8,1,11,7.0,0,0,1,0,0,0,0,1,0,1,0,0,49
758,10.9,2,6,8.0,1,0,0,0,0,1,0,0,0,0,0,1,47
998,3.17,0,17,1.0,1,0,0,0,0,1,0,0,0,1,0,0,28
25,9.39,1,21,9.0,0,0,0,0,1,0,0,1,0,0,0,1,50
468,17.44,0,25,9.0,1,0,0,0,0,0,1,0,0,1,0,0,89
540,3.02,1,23,1.0,0,0,1,0,0,0,0,1,0,1,0,0,46
532,19.99,2,17,1.0,0,0,1,0,0,0,1,0,0,1,0,0,112
619,16.22,2,22,0.0,0,0,1,0,0,0,1,0,0,1,0,0,102
695,2.74,2,18,9.0,1,0,0,0,0,1,0,0,0,1,0,0,37
927,5.74,2,13,9.0,0,0,1,0,0,0,1,0,0,1,0,0,46
339,9.75,0,22,7.0,1,0,0,0,0,1,0,0,0,1,0,0,50
52,15.62,1,23,7.0,0,0,1,0,0,1,0,0,0,0,0,1,78
508,16.54,1,25,7.0,0,0,1,0,0,1,0,0,0,1,0,0,77
517,7.84,0,7,8.0,0,0,1,0,0,0,0,1,0,0,0,1,36
782,11.08,2,16,6.0,0,0,0,0,1,1,0,0,0,1,0,0,70
265,17.61,1,21,9.0,1,0,0,0,0,0,1,0,0,0,0,1,79
818,8.28,0,29,7.0,0,0,0,1,0,0,1,0,0,0,1,0,58
711,15.32,1,17,6.0,1,0,0,0,0,0,0,1,0,1,0,0,80
683,3.83,0,27,3.0,0,0,1,0,0,0,1,0,0,0,1,0,49
519,19.75,1,25,1.0,1,0,0,0,0,0,0,1,0,1,0,0,103
448,15.19,0,6,4.0,0,1,0,0,0,0,1,0,0,0,0,1,53
716,18.63,0,11,5.0,0,0,0,0,1,1,0,0,0,1,0,0,85
484,12.74,0,18,0.0,1,0,0,0,0,0,0,0,1,0,0,1,67
569,18.13,2,21,2.0,0,0,1,0,0,0,1,0,0,1,0,0,88
434,2.47,0,22,6.0,0,0,1,0,0,1,0,0,0,0,1,0,34
368,18.15,1,11,2.0,0,0,0,0,1,0,0,1,0,1,0,0,89
84,1.74,2,8,9.0,0,1,0,0,0,1,0,0,0,0,0,1,28
62,5.79,1,26,6.0,0,0,0,0,1,0,0,1,0,1,0,0,49
639,5.75,2,7,4.0,0,0,0,0,1,0,0,1,0,0,0,1,37
273,17.41,1,20,4.0,0,0,0,1,0,0,1,0,0,1,0,0,80
286,1.2,0,24,7.0,0,0,1,0,0,0,0,1,0,0,0,1,33
361,8.07,0,21,4.0,0,0,0,0,1,0,1,0,0,1,0,0,48
355,1.88,1,24,7.0,1,0,0,0,0,0,0,1,0,0,0,1,35
457,0.72,1,9,2.0,0,0,1,0,0,1,0,0,0,0,0,1,23
279,14.19,1,9,1.0,1,0,0,0,0,1,0,0,0,1,0,0,57
13,16.73,2,9,7.0,0,0,0,0,1,1,0,0,0,0,0,1,71
183,18.53,0,8,8.0,0,0,1,0,0,1,0,0,0,0,0,1,57
369,4.32,0,21,9.0,1,0,0,0,0,0,0,1,0,1,0,0,34
882,13.6,2,9,7.0,0,1,0,0,0,0,1,0,0,1,0,0,61
616,18.46,0,19,9.0,0,0,1,0,0,0,0,1,0,1,0,0,94
224,7.67,0,9,2.0,0,0,0,0,1,0,0,1,0,0,1,0,31
573,8.23,0,17,3.0,0,0,0,1,0,0,1,0,0,1,0,0,56
971,13.44,0,29,0.0,1,0,0,0,0,0,0,0,1,1,0,0,63
654,15.04,0,24,5.0,1,0,0,0,0,0,0,1,0,0,1,0,60
546,7.48,1,21,4.0,1,0,0,0,0,0,0,1,0,0,1,0,52
634,10.88,0,13,3.0,0,0,0,1,0,1,0,0,0,0,1,0,52
177,13.97,0,14,8.0,0,0,0,1,0,0,1,0,0,0,0,1,52
666,3.48,0,9,1.0,0,1,0,0,0,1,0,0,0,0,0,1,31
674,10.73,0,6,6.0,0,1,0,0,0,0,0,1,0,1,0,0,35
586,5.18,1,9,2.0,1,0,0,0,0,1,0,0,0,0,1,0,30
874,8.47,1,24,0.0,0,1,0,0,0,0,1,0,0,1,0,0,68
249,19.29,1,7,8.0,0,0,0,0,1,0,1,0,0,0,0,1,84
886,3.98,2,19,3.0,1,0,0,0,0,0,0,0,1,0,1,0,41
670,6.06,0,10,8.0,0,1,0,0,0,1,0,0,0,0,0,1,41
376,6.72,0,8,5.0,0,1,0,0,0,0,1,0,0,1,0,0,31
413,19.04,1,27,2.0,1,0,0,0,0,0,0,1,0,0,0,1,85
75,14.28,2,23,5.0,0,0,0,0,1,1,0,0,0,0,0,1,77
114,16.26,2,16,6.0,0,0,1,0,0,0,0,1,0,1,0,0,70
599,4.25,0,5,4.0,1,0,0,0,0,1,0,0,0,1,0,0,22
962,12.26,0,20,2.0,1,0,0,0,0,1,0,0,0,1,0,0,66
391,19.81,0,27,1.0,1,0,0,0,0,1,0,0,0,1,0,0,74
105,18.2,1,27,1.0,0,0,0,0,1,0,0,1,0,1,0,0,108
115,12.85,1,14,8.0,0,0,1,0,0,0,0,1,0,0,0,1,73
418,6.91,0,27,8.0,1,0,0,0,0,0,1,0,0,1,0,0,91
526,9.64,0,10,5.0,1,0,0,0,0,0,0,1,0,1,0,0,46
458,9.64,1,14,6.0,0,0,1,0,0,0,1,0,0,1,0,0,52
410,2.28,1,27,6.0,0,1,0,0,0,0,0,1,0,0,0,1,44
93,15.34,0,18,6.0,0,0,1,0,0,1,0,0,0,1,0,0,54
931,3.22,1,14,8.0,0,0,1,0,0,0,0,0,1,1,0,0,34
90,9.71,0,8,1.0,1,0,0,0,0,0,0,1,0,1,0,0,49
337,17.18,1,13,1.0,1,0,0,0,0,0,0,0,1,0,0,1,62
989,5.3,1,29,3.0,1,0,0,0,0,1,0,0,0,0,0,1,47
922,10.0,1,6,9.0,1,0,0,0,0,1,0,0,0,0,0,1,47
934,10.75,1,8,6.0,0,0,1,0,0,0,0,1,0,1,0,0,60
606,9.49,1,23,6.0,0,0,1,0,0,0,0,1,0,0,1,0,53
594,7.24,1,28,7.0,1,0,0,0,0,1,0,0,0,1,0,0,57
612,16.09,0,21,8.0,0,0,1,0,0,0,0,1,0,1,0,0,66
95,15.53,0,26,6.0,1,0,0,0,0,0,0,1,0,1,0,0,83
12,19.41,0,11,8.0,0,0,0,0,1,0,0,1,0,1,0,0,62
397,17.24,0,17,5.0,1,0,0,0,0,0,1,0,0,1,0,0,69
44,18.23,0,27,9.0,0,0,1,0,0,1,0,0,0,0,0,1,86
43,1.17,1,16,9.0,1,0,0,0,0,0,0,1,0,1,0,0,25
330,5.33,0,29,1.0,1,0,0,0,0,0,1,0,0,0,1,0,51
168,4.14,0,23,2.0,0,0,1,0,0,0,0,1,0,1,0,0,41
498,2.02,2,28,5.0,1,0,0,0,0,0,1,0,0,1,0,0,44
877,14.46,1,11,9.0,0,0,1,0,0,0,0,1,0,0,0,1,68
598,3.86,1,21,8.0,1,0,0,0,0,1,0,0,0,1,0,0,34
757,12.59,1,13,9.0,0,0,0,0,1,0,0,1,0,1,0,0,62
101,1.11,2,22,8.0,1,0,0,0,0,0,0,1,0,0,0,1,35
427,9.11,0,19,6.0,1,0,0,0,0,1,0,0,0,1,0,0,42
179,18.77,1,24,0.0,0,0,0,1,0,0,1,0,0,1,0,0,115
445,16.35,1,16,6.0,0,1,0,0,0,0,0,0,1,1,0,0,67
417,6.22,0,16,9.0,1,0,0,0,0,1,0,0,0,1,0,0,29
871,7.78,2,25,3.0,0,1,0,0,0,1,0,0,0,1,0,0,74
883,0.88,0,27,2.0,0,0,1,0,0,0,0,0,1,0,1,0,37
681,16.43,0,13,5.0,1,0,0,0,0,0,1,0,0,1,0,0,56
178,8.04,1,27,0.0,1,0,0,0,0,0,1,0,0,0,1,0,65
396,18.65,0,19,2.0,0,1,0,0,0,0,0,0,1,0,1,0,68
912,5.73,0,7,2.0,0,1,0,0,0,0,0,1,0,0,0,1,30
794,12.42,0,28,9.0,0,0,1,0,0,0,1,0,0,1,0,0,79
961,2.11,0,28,5.0,1,0,0,0,0,1,0,0,0,0,0,1,34
685,18.62,0,27,6.0,1,0,0,0,0,0,1,0,0,0,0,1,75
384,17.61,1,19,3.0,1,0,0,0,0,0,0,1,0,0,0,1,80
957,10.62,1,7,2.0,0,0,1,0,0,0,0,0,1,1,0,0,48
258,14.07,1,16,9.0,1,0,0,0,0,0,0,1,0,1,0,0,73
539,9.29,1,10,9.0,1,0,0,0,0,0,1,0,0,1,0,0,40
336,1.29,0,7,7.0,0,0,1,0,0,0,1,0,0,1,0,0,15
16,4.08,1,7,0.0,0,0,0,0,1,1,0,0,0,1,0,0,33
325,19.12,2,8,0.0,0,0,0,0,1,0,1,0,0,0,1,0,92
759,17.93,1,29,4.0,1,0,0,0,0,1,0,0,0,1,0,0,85
180,3.18,1,21,3.0,0,0,1,0,0,0,1,0,0,1,0,0,42
984,1.97,2,28,7.0,1,0,0,0,0,0,0,1,0,0,1,0,43
23,6.2,2,7,3.0,0,0,0,0,1,0,1,0,0,0,0,1,42
357,1.02,2,6,8.0,0,0,0,0,1,0,1,0,0,1,0,0,21
667,5.3,0,16,5.0,1,0,0,0,0,0,1,0,0,1,0,0,32
862,9.34,0,10,0.0,0,0,1,0,0,0,1,0,0,0,1,0,40
341,10.09,1,7,0.0,1,0,0,0,0,0,1,0,0,1,0,0,49
432,15.35,2,23,9.0,0,0,1,0,0,0,0,0,1,0,0,1,80
552,17.12,0,26,3.0,0,0,1,0,0,0,0,1,0,1,0,0,86
834,3.94,0,19,3.0,0,0,0,1,0,1,0,0,0,1,0,0,43
631,14.41,1,8,8.0,0,0,0,1,0,0,1,0,0,1,0,0,75
94,11.44,1,20,2.0,0,0,1,0,0,0,1,0,0,0,1,0,57
559,15.23,0,6,0.0,0,1,0,0,0,0,0,1,0,0,1,0,52
69,1.95,0,16,2.0,1,0,0,0,0,0,0,1,0,0,0,1,23
285,11.78,0,26,3.0,1,0,0,0,0,1,0,0,0,0,0,1,71
845,3.4,1,11,6.0,0,0,0,0,1,0,0,1,0,1,0,0,30
435,2.14,2,18,3.0,1,0,0,0,0,0,1,0,0,1,0,0,34
154,10.04,2,12,9.0,0,0,1,0,0,1,0,0,0,1,0,0,59
731,3.7,1,28,7.0,1,0,0,0,0,0,0,1,0,1,0,0,45
447,19.73,0,8,8.0,0,0,1,0,0,0,1,0,0,1,0,0,64
189,10.83,1,8,9.0,1,0,0,0,0,0,1,0,0,0,0,1,51
272,16.3,0,12,1.0,0,1,0,0,0,0,0,1,0,0,1,0,100
237,5.98,2,14,6.0,0,1,0,0,0,0,0,1,0,1,0,0,44
488,5.98,2,21,2.0,0,0,1,0,0,0,0,1,0,1,0,0,60
118,4.14,1,21,0.0,0,1,0,0,0,0,0,1,0,1,0,0,46
513,18.69,1,23,9.0,0,0,0,0,1,0,0,0,1,1,0,0,74
826,18.44,2,27,7.0,0,0,1,0,0,0,0,1,0,1,0,0,80
592,13.0,2,22,8.0,0,0,0,0,1,0,0,1,0,1,0,0,65
117,16.17,1,10,2.0,1,0,0,0,0,0,1,0,0,0,1,0,116
474,17.88,1,29,3.0,1,0,0,0,0,0,1,0,0,1,0,0,98
694,5.23,1,19,4.0,1,0,0,0,0,0,0,1,0,0,0,1,37
864,9.09,1,6,7.0,0,0,1,0,0,0,0,1,0,1,0,0,43
913,12.67,1,7,3.0,0,0,0,0,1,0,0,1,0,0,0,1,43
370,1.85,1,10,1.0,1,0,0,0,0,0,1,0,0,1,0,0,24
269,7.51,0,27,6.0,0,0,1,0,0,0,1,0,0,0,1,0,50
47,6.58,0,13,1.0,1,0,0,0,0,1,0,0,0,1,0,0,34
350,12.7,0,22,2.0,1,0,0,0,0,0,0,1,0,0,0,1,57
196,7.31,1,26,2.0,0,1,0,0,0,1,0,0,0,1,0,0,65
1000,9.2,2,9,9.0,1,0,0,0,0,0,0,1,0,0,0,1,48
835,10.22,0,21,0.0,0,1,0,0,0,1,0,0,0,0,0,1,61
737,8.15,2,12,9.0,1,0,0,0,0,0,1,0,0,0,0,1,43
264,10.61,1,17,0.0,1,0,0,0,0,0,0,1,0,1,0,0,59
444,7.73,2,29,5.0,1,0,0,0,0,0,0,0,1,1,0,0,58
676,19.66,0,19,6.0,1,0,0,0,0,0,0,1,0,0,1,0,70
305,14.66,2,5,6.0,0,0,0,1,0,0,0,1,0,0,1,0,71
342,9.73,0,29,6.0,1,0,0,0,0,1,0,0,0,1,0,0,60
967,14.52,1,26,5.0,1,0,0,0,0,1,0,0,0,0,1,0,86
125,4.94,2,28,4.0,0,0,1,0,0,0,1,0,0,0,0,1,63
787,11.88,2,29,9.0,0,0,1,0,0,1,0,0,0,0,1,0,78
51,19.41,1,7,6.0,0,1,0,0,0,0,0,1,0,0,1,0,66
928,11.06,2,6,9.0,1,0,0,0,0,0,1,0,0,1,0,0,53
143,10.2,1,18,9.0,0,0,1,0,0,1,0,0,0,1,0,0,56
471,0.74,0,13,4.0,0,0,1,0,0,0,0,1,0,0,1,0,21
400,15.21,1,20,9.0,0,0,0,1,0,1,0,0,0,1,0,0,90
626,7.69,2,16,3.0,0,0,1,0,0,0,0,1,0,0,0,1,58
321,11.21,2,23,1.0,1,0,0,0,0,1,0,0,0,0,0,1,76
20,6.18,1,9,9.0,1,0,0,0,0,0,1,0,0,1,0,0,35
810,2.71,1,6,5.0,1,0,0,0,0,0,0,1,0,0,1,0,19
791,3.49,1,17,2.0,1,0,0,0,0,0,0,1,0,1,0,0,38
809,9.29,1,17,2.0,1,0,0,0,0,0,0,1,0,1,0,0,49
408,0.71,0,29,1.0,0,1,0,0,0,0,0,0,1,1,0,0,41
538,5.32,0,27,2.0,0,0,1,0,0,1,0,0,0,0,0,1,48
621,4.1,1,18,3.0,1,0,0,0,0,0,1,0,0,0,1,0,38
176,3.9,2,25,9.0,0,0,1,0,0,0,0,1,0,0,1,0,54
246,18.6,1,28,9.0,0,0,1,0,0,0,0,1,0,0,1,0,77
829,14.88,1,10,0.0,0,0,0,1,0,0,1,0,0,1,0,0,64
668,3.63,1,22,9.0,0,0,0,0,1,0,0,1,0,0,1,0,39
755,3.22,2,7,7.0,0,0,0,0,1,0,0,1,0,0,1,0,27
859,11.51,0,5,7.0,0,1,0,0,0,1,0,0,0,0,1,0,57
155,19.72,0,27,6.0,0,0,1,0,0,1,0,0,0,1,0,0,109
288,11.08,0,28,2.0,1,0,0,0,0,0,1,0,0,0,0,1,58
603,3.95,1,28,5.0,1,0,0,0,0,0,0,1,0,0,1,0,47
570,7.29,2,11,7.0,1,0,0,0,0,0,1,0,0,0,1,0,48
744,10.3,0,12,7.0,1,0,0,0,0,0,0,1,0,0,1,0,41
18,10.73,2,27,6.0,0,0,1,0,0,1,0,0,0,0,1,0,83
128,17.28,0,28,3.0,1,0,0,0,0,0,0,1,0,0,1,0,72
323,13.37,1,16,9.0,0,1,0,0,0,0,1,0,0,0,0,1,71
256,11.36,1,8,2.0,1,0,0,0,0,0,0,1,0,0,0,1,52
658,7.58,2,19,9.0,1,0,0,0,0,1,0,0,0,0,0,1,57
191,2.32,0,23,1.0,1,0,0,0,0,1,0,0,0,0,0,1,32
116,17.49,0,27,9.0,0,0,1,0,0,0,1,0,0,1,0,0,97
181,7.15,0,15,3.0,0,0,0,0,1,0,0,1,0,1,0,0,42
760,15.88,0,17,1.0,0,0,1,0,0,0,1,0,0,0,1,0,68
724,14.95,1,13,7.0,1,0,0,0,0,0,0,1,0,1,0,0,49
686,11.36,0,6,4.0,0,1,0,0,0,1,0,0,0,1,0,0,47
980,12.14,2,12,0.0,0,1,0,0,0,1,0,0,0,1,0,0,65
518,16.31,1,14,7.0,0,1,0,0,0,1,0,0,0,0,1,0,71
985,14.7,1,24,5.0,1,0,0,0,0,0,1,0,0,0,0,1,75
46,13.42,1,6,6.0,0,0,1,0,0,0,1,0,0,1,0,0,105
158,15.35,0,5,3.0,0,1,0,0,0,0,0,1,0,0,1,0,56
852,15.12,0,14,1.0,0,1,0,0,0,0,0,1,0,1,0,0,58
172,0.82,0,18,9.0,0,0,0,0,1,0,0,1,0,0,1,0,23
17,6.43,0,9,7.0,1,0,0,0,0,0,1,0,0,0,1,0,26
512,8.66,2,29,3.0,0,0,0,1,0,0,0,1,0,1,0,0,77
49,11.16,1,21,4.0,0,1,0,0,0,1,0,0,0,0,1,0,77
516,1.01,2,17,7.0,1,0,0,0,0,0,0,0,1,1,0,0,29
953,3.92,1,20,9.0,0,0,1,0,0,0,0,0,1,1,0,0,41
481,12.77,0,22,8.0,0,1,0,0,0,0,0,1,0,1,0,0,71
284,2.33,0,9,2.0,1,0,0,0,0,0,1,0,0,1,0,0,18
719,2.92,2,24,4.0,0,0,0,0,1,1,0,0,0,1,0,0,48
878,13.35,0,14,4.0,0,0,1,0,0,0,1,0,0,0,0,1,91
226,5.26,1,28,8.0,0,0,1,0,0,0,1,0,0,0,0,1,51
27,4.39,1,12,8.0,0,1,0,0,0,0,0,0,1,1,0,0,38
955,8.67,2,20,4.0,0,0,0,0,1,0,0,1,0,1,0,0,55
438,16.53,0,24,9.0,0,0,0,1,0,1,0,0,0,0,0,1,99
952,13.47,1,19,4.0,1,0,0,0,0,0,1,0,0,1,0,0,59
365,18.86,1,18,1.0,0,0,0,1,0,0,0,0,1,1,0,0,89
230,12.81,0,12,2.0,1,0,0,0,0,0,0,1,0,1,0,0,51
38,2.4,0,27,5.0,0,0,0,1,0,0,0,0,1,0,0,1,42
966,7.44,1,6,1.0,0,0,1,0,0,0,1,0,0,1,0,0,39
375,1.89,1,13,7.0,1,0,0,0,0,0,1,0,0,0,0,1,22
470,19.28,1,21,3.0,0,0,0,1,0,0,0,1,0,0,1,0,101
851,1.81,1,23,3.0,1,0,0,0,0,1,0,0,0,0,1,0,34
705,1.74,1,23,2.0,1,0,0,0,0,0,0,0,1,1,0,0,34
842,13.44,1,22,1.0,1,0,0,0,0,0,0,1,0,0,1,0,79
855,4.5,0,20,6.0,0,0,0,0,1,0,1,0,0,0,0,1,32
865,8.31,1,6,5.0,0,0,0,0,1,0,0,1,0,1,0,0,44
504,16.37,2,26,7.0,1,0,0,0,0,0,0,1,0,1,0,0,97
970,9.78,1,18,3.0,1,0,0,0,0,1,0,0,0,1,0,0,58
831,4.88,1,26,7.0,0,0,0,0,1,1,0,0,0,0,0,1,48
969,11.54,2,10,0.0,1,0,0,0,0,1,0,0,0,0,1,0,56
909,5.56,0,19,5.0,1,0,0,0,0,1,0,0,0,0,0,1,31
802,3.47,2,24,9.0,0,0,0,1,0,0,0,0,1,1,0,0,53
994,12.01,0,26,6.0,1,0,0,0,0,0,0,1,0,0,0,1,57
756,15.98,0,21,6.0,0,1,0,0,0,0,0,1,0,0,1,0,90
112,3.64,0,16,3.0,1,0,0,0,0,0,0,1,0,0,0,1,26
227,19.47,0,16,8.0,1,0,0,0,0,0,0,1,0,1,0,0,83
689,15.51,1,10,8.0,0,0,1,0,0,0,0,1,0,0,0,1,81
104,10.42,1,28,3.0,0,0,0,0,1,1,0,0,0,1,0,0,72
422,15.9,0,19,5.0,0,0,1,0,0,0,1,0,0,0,1,0,78
420,15.17,0,25,4.0,0,0,0,0,1,0,0,1,0,1,0,0,77
587,1.98,0,22,0.0,0,0,1,0,0,1,0,0,0,1,0,0,39
781,14.03,0,17,2.0,1,0,0,0,0,1,0,0,0,1,0,0,65
673,2.06,1,22,4.0,0,1,0,0,0,0,1,0,0,0,0,1,40
120,11.02,2,22,2.0,1,0,0,0,0,0,0,1,0,0,0,1,70
152,5.17,0,29,0.0,0,1,0,0,0,0,0,1,0,1,0,0,56
404,16.62,0,26,8.0,0,0,0,1,0,1,0,0,0,1,0,0,94
946,0.71,0,25,8.0,0,0,1,0,0,0,0,1,0,0,1,0,31
659,13.1,0,28,2.0,1,0,0,0,0,0,1,0,0,1,0,0,72
844,19.24,2,9,7.0,0,0,1,0,0,1,0,0,0,1,0,0,75
763,5.35,1,24,6.0,1,0,0,0,0,1,0,0,0,0,0,1,43
9,12.22,0,15,0.0,1,0,0,0,0,0,1,0,0,0,0,1,56
808,18.55,0,11,9.0,1,0,0,0,0,1,0,0,0,0,1,0,69
37,6.44,0,18,2.0,1,0,0,0,0,1,0,0,0,0,1,0,43
453,8.77,1,14,7.0,0,1,0,0,0,0,1,0,0,0,1,0,49
652,10.97,0,27,3.0,1,0,0,0,0,1,0,0,0,0,0,1,51
254,6.68,2,10,5.0,1,0,0,0,0,0,0,1,0,0,0,1,44
304,12.93,0,25,0.0,0,0,1,0,0,1,0,0,0,0,0,1,61
747,7.99,1,18,4.0,1,0,0,0,0,0,1,0,0,1,0,0,42
572,15.78,2,12,1.0,1,0,0,0,0,1,0,0,0,0,0,1,68
624,9.95,2,21,5.0,0,0,0,0,1,0,1,0,0,0,0,1,72
733,13.47,0,7,6.0,0,0,1,0,0,1,0,0,0,0,0,1,46
892,17.19,1,11,8.0,1,0,0,0,0,1,0,0,0,1,0,0,76
263,3.23,2,17,9.0,1,0,0,0,0,1,0,0,0,1,0,0,33
611,1.27,2,25,9.0,0,1,0,0,0,1,0,0,0,1,0,0,46
298,4.71,0,20,6.0,1,0,0,0,0,0,0,1,0,1,0,0,31
415,12.82,1,28,9.0,0,0,1,0,0,0,1,0,0,1,0,0,72
789,9.51,2,26,9.0,1,0,0,0,0,0,0,1,0,1,0,0,63
641,0.89,0,9,0.0,0,0,1,0,0,0,0,1,0,0,1,0,20
890,5.24,2,26,8.0,0,0,0,0,1,1,0,0,0,0,0,1,51
551,10.64,0,11,9.0,0,0,0,0,1,0,1,0,0,0,1,0,36
887,13.23,1,20,8.0,1,0,0,0,0,0,0,0,1,1,0,0,70
489,19.03,1,8,8.0,1,0,0,0,0,0,0,1,0,0,0,1,65
148,10.3,0,29,0.0,0,0,1,0,0,0,1,0,0,1,0,0,73
147,12.39,1,14,8.0,0,0,0,1,0,0,1,0,0,1,0,0,56
721,18.8,2,23,7.0,1,0,0,0,0,1,0,0,0,1,0,0,95
932,16.78,1,22,1.0,0,0,1,0,0,0,0,1,0,1,0,0,70
740,7.85,0,7,9.0,1,0,0,0,0,1,0,0,0,0,0,1,34
660,11.63,1,29,7.0,1,0,0,0,0,0,0,0,1,0,0,1,57
349,7.8,1,17,6.0,0,0,0,0,1,1,0,0,0,0,1,0,44
464,11.88,1,5,1.0,0,0,1,0,0,1,0,0,0,1,0,0,63
326,14.89,2,22,9.0,1,0,0,0,0,0,1,0,0,0,1,0,88
854,18.01,2,14,2.0,0,1,0,0,0,0,0,0,1,1,0,0,71
609,10.32,1,24,5.0,1,0,0,0,0,0,0,0,1,0,1,0,49
144,6.37,0,29,4.0,0,0,1,0,0,1,0,0,0,0,1,0,56
959,3.74,0,19,6.0,0,0,1,0,0,0,0,1,0,1,0,0,36
198,17.99,2,5,1.0,0,0,0,0,1,0,1,0,0,1,0,0,73
610,13.96,0,5,1.0,0,0,1,0,0,0,0,0,1,1,0,0,42
280,16.02,0,20,7.0,1,0,0,0,0,0,1,0,0,1,0,0,61
401,2.51,0,16,2.0,1,0,0,0,0,0,0,1,0,1,0,0,28
123,6.7,2,23,3.0,0,1,0,0,0,0,0,1,0,0,0,1,59
184,17.61,0,5,8.0,0,0,0,0,1,0,0,1,0,1,0,0,61
203,3.65,1,29,9.0,1,0,0,0,0,0,0,1,0,1,0,0,46
439,14.27,1,24,3.0,1,0,0,0,0,0,0,0,1,0,1,0,77
247,8.85,0,11,9.0,1,0,0,0,0,1,0,0,0,1,0,0,45
933,19.7,0,16,6.0,0,0,1,0,0,0,1,0,0,0,1,0,66
766,11.61,2,19,1.0,1,0,0,0,0,0,0,1,0,0,1,0,67
907,16.44,2,8,0.0,0,0,0,0,1,1,0,0,0,0,1,0,80
836,8.67,2,12,7.0,0,0,1,0,0,1,0,0,0,1,0,0,104
888,5.14,1,23,7.0,1,0,0,0,0,0,1,0,0,0,0,1,43
638,5.23,1,23,2.0,1,0,0,0,0,0,0,1,0,0,0,1,47
403,10.35,1,7,9.0,1,0,0,0,0,0,0,0,1,1,0,0,48
785,4.04,2,14,6.0,0,0,1,0,0,0,1,0,0,1,0,0,39
771,2.66,0,16,8.0,1,0,0,0,0,1,0,0,0,1,0,0,21
736,17.61,1,9,5.0,0,1,0,0,0,1,0,0,0,1,0,0,74
914,8.48,2,11,5.0,1,0,0,0,0,0,0,0,1,1,0,0,39
220,17.06,0,9,9.0,1,0,0,0,0,0,1,0,0,1,0,0,66
642,6.78,0,18,6.0,0,1,0,0,0,0,0,0,1,1,0,0,42
916,9.0,1,29,3.0,0,0,0,1,0,1,0,0,0,0,1,0,78
753,12.74,0,12,0.0,1,0,0,0,0,1,0,0,0,0,0,1,63
807,18.72,1,17,0.0,0,0,1,0,0,1,0,0,0,1,0,0,89
625,12.56,0,22,8.0,1,0,0,0,0,0,0,1,0,0,1,0,49
875,1.0,1,28,0.0,0,0,0,1,0,0,0,1,0,1,0,0,51
761,3.46,0,24,6.0,1,0,0,0,0,0,0,1,0,1,0,0,37
387,6.0,0,20,8.0,0,0,0,1,0,0,0,1,0,0,1,0,53
973,14.79,1,12,9.0,1,0,0,0,0,0,0,1,0,0,0,1,64
510,14.65,2,19,3.0,0,0,0,1,0,0,0,1,0,0,1,0,95
268,14.2,1,17,1.0,1,0,0,0,0,1,0,0,0,1,0,0,73
820,7.04,0,11,8.0,1,0,0,0,0,1,0,0,0,1,0,0,38
497,11.88,1,20,8.0,0,0,1,0,0,0,1,0,0,1,0,0,69
113,18.63,0,26,8.0,1,0,0,0,0,0,1,0,0,1,0,0,75
692,8.8,1,6,2.0,0,0,1,0,0,1,0,0,0,1,0,0,38
233,11.75,2,9,2.0,1,0,0,0,0,0,0,1,0,1,0,0,55
870,18.95,0,27,0.0,0,0,0,1,0,0,0,1,0,0,1,0,92
608,7.6,0,16,4.0,0,1,0,0,0,0,0,1,0,1,0,0,48
672,17.99,0,11,2.0,0,1,0,0,0,0,0,1,0,0,1,0,84
374,13.82,1,21,9.0,1,0,0,0,0,0,1,0,0,1,0,0,72
982,15.53,0,26,7.0,0,1,0,0,0,0,1,0,0,1,0,0,68
843,3.97,2,19,8.0,1,0,0,0,0,1,0,0,0,1,0,0,40
234,10.1,2,17,6.0,1,0,0,0,0,0,0,1,0,0,1,0,55
786,18.21,0,5,1.0,0,1,0,0,0,0,0,1,0,1,0,0,70
677,2.68,0,16,8.0,1,0,0,0,0,0,0,1,0,1,0,0,25
318,3.88,0,9,6.0,0,0,0,1,0,0,0,1,0,1,0,0,33
649,15.89,1,15,9.0,0,0,0,1,0,1,0,0,0,0,1,0,91
411,6.73,1,21,1.0,1,0,0,0,0,1,0,0,0,1,0,0,54
899,0.75,1,10,5.0,1,0,0,0,0,1,0,0,0,1,0,0,16
710,13.79,0,11,0.0,0,0,1,0,0,0,0,0,1,0,0,1,69
359,18.83,1,5,8.0,1,0,0,0,0,0,1,0,0,0,0,1,69
259,11.62,0,9,8.0,1,0,0,0,0,1,0,0,0,1,0,0,33
628,15.08,1,26,1.0,0,0,1,0,0,0,1,0,0,0,0,1,94
633,10.48,0,10,7.0,0,0,1,0,0,1,0,0,0,0,1,0,45
283,7.82,1,16,8.0,0,0,1,0,0,0,1,0,0,1,0,0,45
385,14.83,0,19,4.0,0,0,1,0,0,0,0,1,0,0,1,0,126
225,5.67,0,11,9.0,1,0,0,0,0,0,0,1,0,0,0,1,27
954,18.33,1,5,5.0,0,0,0,1,0,0,0,1,0,0,0,1,67
473,1.34,2,9,5.0,0,1,0,0,0,0,1,0,0,1,0,0,30
348,1.38,0,13,9.0,1,0,0,0,0,0,0,1,0,0,0,1,17
640,7.86,1,22,2.0,0,0,0,0,1,0,0,1,0,0,1,0,55
988,8.98,1,22,8.0,1,0,0,0,0,1,0,0,0,0,0,1,105
929,12.85,1,6,7.0,0,0,1,0,0,0,1,0,0,0,0,1,61
906,17.91,0,6,7.0,1,0,0,0,0,1,0,0,0,1,0,0,68
620,15.09,0,20,7.0,0,0,0,1,0,0,0,1,0,0,1,0,68
856,4.22,1,16,7.0,1,0,0,0,0,0,0,1,0,1,0,0,35
804,12.33,2,7,2.0,1,0,0,0,0,0,0,0,1,1,0,0,101
646,17.87,0,29,4.0,0,0,0,1,0,0,0,1,0,0,0,1,87
847,2.16,1,10,1.0,1,0,0,0,0,0,0,0,1,0,1,0,23
557,3.11,1,21,1.0,0,0,1,0,0,0,0,1,0,0,0,1,43
958,1.42,2,24,2.0,1,0,0,0,0,1,0,0,0,0,0,1,40
578,18.57,1,16,7.0,0,0,1,0,0,1,0,0,0,1,0,0,89
796,17.51,1,15,3.0,1,0,0,0,0,0,1,0,0,1,0,0,60
86,6.84,1,25,1.0,1,0,0,0,0,0,1,0,0,1,0,0,51
699,3.51,1,22,2.0,0,0,0,0,1,0,0,0,1,1,0,0,44
160,14.7,1,6,2.0,1,0,0,0,0,0,0,1,0,0,0,1,58
525,16.85,2,17,4.0,1,0,0,0,0,0,0,1,0,0,1,0,71
36,16.26,0,27,5.0,0,0,1,0,0,0,0,1,0,0,1,0,66
541,19.1,1,25,6.0,0,0,0,1,0,0,0,1,0,1,0,0,90
171,13.71,1,22,9.0,0,0,1,0,0,0,1,0,0,1,0,0,64
891,14.58,0,23,0.0,1,0,0,0,0,0,1,0,0,1,0,0,70
858,9.71,0,27,5.0,1,0,0,0,0,1,0,0,0,0,1,0,61
848,19.94,0,26,6.0,1,0,0,0,0,1,0,0,0,1,0,0,83
945,4.53,1,18,4.0,0,0,0,1,0,0,0,1,0,0,0,1,49
734,10.7,2,8,4.0,1,0,0,0,0,1,0,0,0,0,1,0,57
96,10.13,1,22,0.0,1,0,0,0,0,0,1,0,0,1,0,0,65
564,0.78,0,11,0.0,1,0,0,0,0,1,0,0,0,1,0,0,18
241,18.84,1,25,8.0,0,1,0,0,0,1,0,0,0,0,0,1,88
743,15.08,0,29,7.0,0,0,0,1,0,0,1,0,0,1,0,0,84
575,17.32,0,10,3.0,1,0,0,0,0,0,1,0,0,0,0,1,77
691,6.81,1,23,2.0,1,0,0,0,0,0,1,0,0,1,0,0,47
461,2.79,2,23,7.0,1,0,0,0,0,0,0,1,0,1,0,0,38
554,11.44,2,14,4.0,0,1,0,0,0,1,0,0,0,0,1,0,74
889,2.44,2,13,9.0,0,0,0,1,0,0,1,0,0,1,0,0,39
207,2.48,0,20,8.0,0,0,1,0,0,0,1,0,0,0,0,1,30
795,0.85,1,9,8.0,1,0,0,0,0,0,0,1,0,1,0,0,17
398,8.87,0,19,3.0,1,0,0,0,0,0,1,0,0,1,0,0,55
767,15.37,1,15,5.0,0,0,0,1,0,1,0,0,0,0,1,0,66
849,10.29,1,25,4.0,0,1,0,0,0,0,1,0,0,0,0,1,67
218,15.06,0,22,4.0,0,0,1,0,0,0,0,1,0,1,0,0,65
769,7.17,1,7,9.0,1,0,0,0,0,0,0,1,0,0,0,1,29
643,4.62,1,8,3.0,0,0,1,0,0,1,0,0,0,0,1,0,33
930,5.53,0,10,8.0,1,0,0,0,0,0,0,1,0,0,1,0,27
613,12.74,0,17,9.0,0,0,1,0,0,1,0,0,0,1,0,0,63
739,9.06,2,26,3.0,1,0,0,0,0,0,1,0,0,1,0,0,61
547,2.71,0,6,0.0,0,1,0,0,0,0,0,1,0,1,0,0,28
726,16.92,0,23,5.0,1,0,0,0,0,0,0,0,1,1,0,0,78
684,13.54,0,11,1.0,0,1,0,0,0,0,0,1,0,1,0,0,54
99,1.0,1,25,4.0,0,0,0,1,0,0,0,1,0,1,0,0,44
805,8.77,1,12,2.0,1,0,0,0,0,0,0,1,0,0,1,0,42
728,16.01,0,28,0.0,0,0,0,0,1,0,0,1,0,0,1,0,84
574,12.63,1,8,8.0,0,1,0,0,0,0,0,0,1,0,0,1,49
407,8.09,0,22,2.0,0,1,0,0,0,0,1,0,0,0,1,0,56
503,6.54,1,10,7.0,1,0,0,0,0,0,0,0,1,1,0,0,39
48,10.64,1,14,5.0,1,0,0,0,0,1,0,0,0,0,0,1,45
33,1.77,1,14,9.0,1,0,0,0,0,0,1,0,0,1,0,0,22
780,13.0,0,25,7.0,0,1,0,0,0,0,1,0,0,1,0,0,77
840,12.83,0,5,8.0,1,0,0,0,0,0,1,0,0,1,0,0,50
201,13.02,2,6,9.0,0,0,0,1,0,1,0,0,0,0,1,0,65
135,18.89,1,22,1.0,0,0,1,0,0,0,0,1,0,0,0,1,74
28,10.53,2,25,8.0,0,1,0,0,0,0,1,0,0,1,0,0,72
881,5.01,0,10,5.0,0,0,1,0,0,1,0,0,0,1,0,0,31
231,16.0,1,13,3.0,0,1,0,0,0,1,0,0,0,0,0,1,65
490,17.86,0,16,8.0,1,0,0,0,0,1,0,0,0,0,0,1,83
773,2.99,2,9,5.0,0,1,0,0,0,1,0,0,0,1,0,0,90
379,16.38,1,6,2.0,1,0,0,0,0,0,0,1,0,1,0,0,51
289,6.09,1,7,4.0,1,0,0,0,0,0,0,0,1,1,0,0,27
419,13.61,0,26,0.0,1,0,0,0,0,0,0,1,0,1,0,0,66
675,8.5,2,14,7.0,0,0,0,1,0,0,1,0,0,1,0,0,56
392,8.55,0,28,8.0,1,0,0,0,0,0,1,0,0,0,0,1,46
593,4.05,1,21,5.0,1,0,0,0,0,1,0,0,0,0,0,1,39
499,19.5,2,18,2.0,1,0,0,0,0,0,0,1,0,1,0,0,73
63,16.66,2,29,7.0,0,0,0,1,0,1,0,0,0,0,0,1,95
472,19.41,2,21,3.0,0,0,0,1,0,0,1,0,0,0,1,0,100
648,13.74,1,6,1.0,0,1,0,0,0,1,0,0,0,1,0,0,56
129,0.64,2,10,3.0,1,0,0,0,0,0,0,0,1,1,0,0,24
977,12.1,2,11,0.0,1,0,0,0,0,1,0,0,0,1,0,0,53
521,12.09,1,13,1.0,1,0,0,0,0,0,0,1,0,0,1,0,60
839,11.82,1,24,7.0,0,0,0,0,1,0,0,0,1,1,0,0,77
963,5.28,0,27,6.0,0,1,0,0,0,0,0,1,0,1,0,0,53
65,5.98,0,22,9.0,1,0,0,0,0,0,1,0,0,0,1,0,35
813,2.93,1,24,8.0,1,0,0,0,0,0,0,1,0,1,0,0,94
15,4.05,1,19,2.0,0,0,0,1,0,0,1,0,0,0,0,1,50
493,5.91,1,29,4.0,1,0,0,0,0,0,1,0,0,0,0,1,57
380,6.0,1,21,2.0,0,0,1,0,0,0,1,0,0,0,0,1,47
188,11.33,1,29,7.0,1,0,0,0,0,1,0,0,0,0,0,1,77
764,15.01,1,15,6.0,1,0,0,0,0,0,0,1,0,1,0,0,64
217,6.85,2,16,5.0,1,0,0,0,0,0,0,1,0,1,0,0,48
792,11.93,2,7,1.0,0,0,0,1,0,0,0,1,0,0,1,0,75
53,18.82,0,5,3.0,0,0,0,0,1,0,0,1,0,0,1,0,77
879,1.03,1,19,4.0,1,0,0,0,0,1,0,0,0,1,0,0,29
720,14.75,0,10,7.0,1,0,0,0,0,0,0,1,0,0,1,0,62
725,11.7,0,17,5.0,0,0,1,0,0,1,0,0,0,1,0,0,60
296,10.68,0,14,1.0,1,0,0,0,0,0,0,1,0,1,0,0,42
702,1.51,2,26,1.0,1,0,0,0,0,0,1,0,0,1,0,0,44
252,8.01,2,8,6.0,1,0,0,0,0,0,0,1,0,1,0,0,48
727,3.23,0,25,7.0,0,0,1,0,0,0,0,1,0,0,1,0,42
462,13.16,2,25,8.0,0,0,1,0,0,0,0,1,0,0,0,1,68
456,10.11,0,11,4.0,0,0,0,0,1,0,0,1,0,1,0,0,44
997,18.39,0,24,6.0,0,0,0,0,1,1,0,0,0,1,0,0,74
816,10.62,1,22,5.0,0,0,0,0,1,1,0,0,0,0,1,0,54
270,6.23,1,20,1.0,1,0,0,0,0,0,1,0,0,0,1,0,51
202,2.14,0,25,1.0,1,0,0,0,0,1,0,0,0,1,0,0,36
162,12.83,1,19,2.0,1,0,0,0,0,0,0,1,0,1,0,0,76
556,8.37,2,13,7.0,1,0,0,0,0,0,1,0,0,0,0,1,42
730,3.69,1,8,8.0,0,0,1,0,0,1,0,0,0,1,0,0,27
402,18.1,0,8,5.0,1,0,0,0,0,0,0,1,0,0,0,1,77
703,7.06,0,26,5.0,1,0,0,0,0,1,0,0,0,0,0,1,51
477,1.94,0,10,1.0,0,1,0,0,0,0,0,0,1,1,0,0,25
822,0.59,0,21,0.0,1,0,0,0,0,1,0,0,0,1,0,0,27
772,17.01,0,28,6.0,0,0,0,1,0,0,0,0,1,1,0,0,97
106,5.36,0,11,4.0,1,0,0,0,0,1,0,0,0,0,0,1,30
566,12.0,0,25,0.0,1,0,0,0,0,0,1,0,0,0,1,0,75
390,16.23,1,6,0.0,1,0,0,0,0,0,1,0,0,1,0,0,54
2,19.04,0,12,6.0,0,0,1,0,0,0,1,0,0,0,1,0,60
938,18.33,1,19,0.0,0,1,0,0,0,0,0,1,0,0,0,1,98
983,2.58,1,25,7.0,1,0,0,0,0,0,0,1,0,0,0,1,37
562,4.65,1,21,1.0,1,0,0,0,0,0,1,0,0,1,0,0,46
81,17.33,0,12,3.0,0,0,0,1,0,0,1,0,0,0,0,1,79
206,0.68,2,29,8.0,0,0,0,1,0,0,1,0,0,1,0,0,50
35,19.33,1,7,8.0,1,0,0,0,0,0,0,1,0,1,0,0,73
776,3.42,1,11,9.0,1,0,0,0,0,0,0,0,1,0,1,0,24
509,19.02,2,22,1.0,0,0,1,0,0,0,1,0,0,0,0,1,106
428,17.81,2,21,4.0,0,0,0,0,1,0,1,0,0,1,0,0,122
455,2.67,1,17,6.0,1,0,0,0,0,0,0,0,1,0,1,0,28
898,17.98,0,5,8.0,1,0,0,0,0,0,1,0,0,1,0,0,45
565,7.34,1,22,5.0,0,1,0,0,0,1,0,0,0,1,0,0,93
346,12.51,1,18,5.0,1,0,0,0,0,0,1,0,0,1,0,0,62
777,4.97,0,17,9.0,0,0,1,0,0,0,1,0,0,1,0,0,34
242,19.1,0,18,1.0,0,0,0,1,0,1,0,0,0,1,0,0,101
14,4.64,0,15,9.0,1,0,0,0,0,1,0,0,0,1,0,0,24
316,14.07,0,10,5.0,0,0,1,0,0,0,1,0,0,1,0,0,63
601,3.79,1,13,2.0,1,0,0,0,0,0,0,1,0,1,0,0,34
274,18.31,1,25,3.0,1,0,0,0,0,1,0,0,0,1,0,0,79
167,6.76,1,7,6.0,0,1,0,0,0,0,0,0,1,1,0,0,42
841,0.76,0,26,9.0,1,0,0,0,0,1,0,0,0,0,1,0,28
993,5.81,1,14,8.0,0,0,1,0,0,0,1,0,0,1,0,0,41
647,12.08,2,16,4.0,1,0,0,0,0,1,0,0,0,0,0,1,60
819,1.57,0,16,1.0,0,0,1,0,0,0,1,0,0,0,1,0,30
485,11.89,1,28,0.0,1,0,0,0,0,1,0,0,0,1,0,0,79
981,7.02,1,23,2.0,1,0,0,0,0,0,1,0,0,0,1,0,53
505,13.85,0,29,5.0,1,0,0,0,0,0,1,0,0,1,0,0,71
832,9.32,1,24,2.0,0,0,1,0,0,0,1,0,0,0,0,1,71
244,7.72,2,19,4.0,0,1,0,0,0,0,1,0,0,1,0,0,64
567,8.15,0,26,2.0,0,0,1,0,0,1,0,0,0,1,0,0,50
876,3.54,1,17,4.0,0,0,1,0,0,1,0,0,0,0,0,1,41
687,11.65,0,10,3.0,0,0,0,0,1,0,0,0,1,1,0,0,53
783,5.41,2,17,6.0,1,0,0,0,0,0,0,1,0,0,0,1,38
700,9.88,1,7,0.0,0,0,1,0,0,0,0,1,0,0,1,0,43
476,19.86,2,12,8.0,0,0,1,0,0,0,1,0,0,1,0,0,71
682,5.53,2,23,4.0,0,0,0,0,1,0,0,1,0,1,0,0,59
511,12.46,0,10,1.0,0,1,0,0,0,1,0,0,0,1,0,0,62
59,1.38,1,6,3.0,1,0,0,0,0,0,0,1,0,0,1,0,17
475,10.79,1,24,1.0,1,0,0,0,0,0,1,0,0,0,0,1,65
561,14.23,1,23,7.0,1,0,0,0,0,1,0,0,0,0,0,1,70
857,1.21,0,22,1.0,0,0,0,1,0,1,0,0,0,1,0,0,39
748,11.1,0,18,7.0,1,0,0,0,0,1,0,0,0,1,0,0,56
253,17.1,1,25,5.0,1,0,0,0,0,0,1,0,0,1,0,0,65
22,3.22,1,19,9.0,1,0,0,0,0,1,0,0,0,1,0,0,32
314,19.27,1,29,9.0,0,1,0,0,0,0,0,1,0,0,1,0,85
460,2.82,1,10,1.0,0,0,1,0,0,0,1,0,0,0,0,1,29
161,7.67,1,22,8.0,0,1,0,0,0,1,0,0,0,0,0,1,59
277,16.07,1,16,5.0,1,0,0,0,0,0,1,0,0,1,0,0,64
956,7.97,1,9,8.0,0,0,0,0,1,0,1,0,0,0,0,1,35
386,16.17,1,12,2.0,1,0,0,0,0,0,1,0,0,0,0,1,78
492,12.59,0,10,2.0,1,0,0,0,0,0,1,0,0,0,0,1,39
770,16.51,1,7,1.0,1,0,0,0,0,0,0,1,0,1,0,0,79
309,16.01,0,12,4.0,1,0,0,0,0,1,0,0,0,0,1,0,72
662,19.74,2,11,7.0,0,0,1,0,0,1,0,0,0,0,0,1,81
131,8.64,0,29,4.0,0,0,0,1,0,0,1,0,0,1,0,0,62
664,5.13,1,16,1.0,1,0,0,0,0,0,0,1,0,0,1,0,38
872,5.78,2,11,5.0,1,0,0,0,0,0,0,1,0,1,0,0,38
100,2.6,0,16,1.0,1,0,0,0,0,1,0,0,0,1,0,0,29
373,2.34,1,8,2.0,0,1,0,0,0,0,0,1,0,1,0,0,28
88,12.93,1,20,8.0,1,0,0,0,0,0,0,1,0,0,0,1,58
459,1.6,1,14,8.0,1,0,0,0,0,0,1,0,0,1,0,0,24
122,17.97,1,28,7.0,0,0,0,0,1,0,0,1,0,0,0,1,92
615,17.53,0,14,6.0,1,0,0,0,0,1,0,0,0,1,0,0,79
21,12.43,2,13,6.0,0,0,1,0,0,0,0,1,0,1,0,0,70
701,10.89,1,7,0.0,0,0,0,0,1,0,1,0,0,1,0,0,58
72,4.37,1,6,7.0,1,0,0,0,0,0,1,0,0,0,0,1,25
107,8.5,2,13,3.0,1,0,0,0,0,0,1,0,0,0,1,0,54
271,16.28,0,8,9.0,0,0,1,0,0,0,0,1,0,0,0,1,71
861,15.62,2,26,2.0,0,0,0,1,0,0,1,0,0,0,0,1,81
436,14.17,0,8,0.0,1,0,0,0,0,1,0,0,0,1,0,0,55
103,6.63,1,24,3.0,0,1,0,0,0,0,0,0,1,0,0,1,58
